username,user_id,brand
!                                                                                                                                                                                                                WOW Music !,31vbe3hoptpfuzrvfqxalxi5tepu,1
-M's- Caf√© & Bar,lpet16qfnsa9zn97li98q8c50,1
. BR STORE,22d35vgyrjr3ywbwpnolontry,1
11120410121,11120410121,1
1114494176,1114494176,1
1147947822,1147947822,1
1167166518,1167166518,1
1171766911,1171766911,1
12182638321,12182638321,1
21u465ohlxefhqneyooy4235q,21u465ohlxefhqneyooy4235q,1
22g3em7bvmorgyq4pzfufjv4i,22g3em7bvmorgyq4pzfufjv4i,1
2n5,31wpstoh7js6dzehoydooltuzi2y,1
72740005berglund,72740005berglund,1
A,31rbolgou2hoohvecs2kogy3vkeu,1
A Zid Tigris,1278133006,1
1,1,1
Aar√≥n FG,11156339861,1
abendanon66,abendanon66,1
Abigail,314zwjfe2v36wqumm2kofh6pmmp4,1
Achami Kawaguchi,21ywx5dp436pwe4g3bywgpcoi,1
Adam,kup7pu90ga522jpec8825n094,1
Adamantia Avrami,313pfj6pnlbirozj43j2cwgo6xbu,1
Adolfo Lorant,r5q1qk5u2yr1855hbrv8vw1qw,1
Adolfo Seijo,11100346666,1
adri_isabel,adri_isabel,1
adriana.volfova,jqa696c36zygy87zxp0zjaaku,1
adriane_david,adriane_david,1
Adriano cueva,itqrt2flb7cs7f4nk8zxzk17v,1
AeKyungYooHSV,31nndstjdyyc5a5qbocc3vx2usmm,1
Agustina Caruso,agustincarrizo8,1
Aida Aida,31eimrltpdajx6xlw7554guld5h4,1
AIDI,12140471796,1
ajkjack,ajkjack,1
Ajmal Noushad,31m7nyy7m3bufttr6kfus722hfwu,1
AKIRA,yd4awwwl4cwxuliu70p5mplas,1
AKS,21ej6wrnmik7xmxzao2k3rtiy,1
Alba Azcona,1137929955,1
Albita_999,nv8649423a52opb1q85magog2,1
Aldemar Echavarr√≠a,aldemare,1
aleilica,aleilica,1
alejaheredia,alejaheredia,1
Alejandra Olivares,maflocc,1
Alessio Arena,1168440267,1
Aleuza,aleuza,1
alew2000,alew2000,1
Alex Gaar,1278975337,1
Alexander Laptev,1110008159,1
Alexander Nikulin,31cvybcb6maws4yxu7fakc6v7uiq,1
Alexandra,sqaeya4dhnnjnkz4jiz59wcrg,1
Alexandra Kurz,1130188180,1
alexandraclancy,alexandraclancy,1
Ali Zafar,syedalizafar,1
Alibayramli,313zlm3jrh7joasd7aeswknidadq,1
Alison Kennedy,1246526840,1
Almendra,an.navamor,1
Alok DADA,b8h1sxe0t2ab35y4edq3x3421,1
Amanda Berhorst,22ujcysy7xja4sd43dbj2kmeq,1
AMELIE,316s222ou27cpkbro7xby72nn5ey,1
Amiarebel,f3s2vyxpqtzrrczq1e5sjti97,1
Amportecas,amportecas,1
Ana,12143288987,1
Ana Lilia Amaya Llano,224aurbdwkeo2i3qdqqcb6y6a,1
Ana.jagnjic,q17xcd50v6zyrpvry1p6i417o,1
anabelenorienta,anabelenorienta,1
Anacarofg,80nrslxbiynmo8olhw3hjtqtp,1
anacecilia093,anacecilia093,1
analaurai,ana_laurai,1
AnaMaria Olaya,12152689706,1
anap1675,anap1675,1
anaredo,anaredo,1
Anastasia,novasia,1
Andrea Marasigan,12136750322,1
Andrea Ominetti,andreaominetti,1
Andreas Staios,1199970775,1
Andreea Creatza,313rm2nc3ommmybtb45shfw65ogm,1
andres,31ihfvxow3qhydci2u7n4ifohcfi,1
Andresxcortes,acortesloaiza,1
Andr√© Rodrigues,97wva9o14q306znij1nwtq7s9,1
andydavco,andydavco,1
Angela Cabral,1115819244,1
steffen,steffen,1
Angelique Clark,1219209528,1
Anglicky,31lqqknzpmazvwoyxkonniyfth2i,1
Anita Chaud,214wf7fhzs7xrruv2hizetaqq,1
ann20141,ann20141,1
Annie,1120586418,1
Annie Chou,1280121901,1
annie lopez,1288726371,1
anouk.steiger,anouk.steiger,1
anthony,jkvuzk9kqtvxtmmdvmlbyk4ij,1
antonieta.hega,antonieta.hega,1
Antonio Jesus Sanchez Piedra,1149958746,1
antonioruizz,antonioruizz,1
Antony Joe Felix,1cgyccitf09pjakf4obt7511f,1
antoshquah,antoshquah,1
Antra,z8hv7rzglitq2uwo6g9k26cyo,1
April Yeap,1191338963,1
Araceli Garc√≠a,araceligarciafaura,1
ARB,q273dizamxx6tiwfzv0df2a0t,1
Arba Wine,315wknej6najb65edolzszewj7ru,1
arcadikus,arcadikus,1
Ariel Diaz,11177342819,1
Arnie02,f2m96shnp1nuxf6ocjorye7f0,1
Arnoldo Cort√©s,22nn2rdq2obetkwvyzha4zznq,1
Arq Laura Mercedes,lauraelaine04,1
Arveoo,31mtpv5oawi7lwpc2msgiv3k3ptm,1
aslambek96,aslambek96,1
at4sha,at4sha,1
ATIM,ifp2jr6fo03hdi5y8r0e94ptd,1
atliask,atliask,1
Audrey Belberi,22gkk4tknxeedcdollh5czv2y,1
Avenir,31gghyrmp4bctuzpo5rmesrh7kc4,1
Averlyn Lim,averlynlim,1
Axel Ocampo,angelitooca,1
Ayush pratap,ps4t05a3ixk5z8l8okb561bjf,1
Ayya Nahiz,12173214111,1
B Monroe Leslie,slbm77,1
baa,86289aura3no0y65p4cz4xuau,1
bakesfilly,bakesfilly,1
Bambiüí´,00xkg230m3ka8oml8t7otbwml,1
Barbara Adami,1185543109,1
Barbara Halford,barbara.halford,1
barbara.hernandezviesca,barbara.hernandezviesca,1
Barbaragf,31tfciv6kkea5w7vovb5bgwticii,1
BARBOZZAR,p4rjrqqeiqfbk764emrmqpq09,1
Basak Sezgin,21m4h3g2irseayclqv4ux4hsq,1
BASE Art Space,12139218066,1
batel,312qhxx6buvxvyrg2sc4p6zh7ug4,1
bburakgokk,burakgokofficial,1
beebeekiddo,beebeekiddo,1
belieberbrina123,belieberbrina123,1
Benetton,651ta1di1mojr5jswmrouwqyu,1
Beth Camille Byram,by36ib6unipm6rxqqzep6wz1x,1
Bibinbibin,31icbki3x5fkh6podtsyuojdi7gy,1
Binoy,31w3lihtgc3e47gfc6tcsn7lpf5a,1
bishonen,gsxjdr74y7kxsvx6rcy3jtbpb,1
Blakey,31sqtemzj3bxlfsalnyf564nehky,1
BlueShade,r3742qdjlm8pig9enqr2f9r41,1
Boriskom,ba6ki1xuem2fcfg0izk8q2ad7,1
1,1,1
orhan,orhan,1
Buuugeee-RoyÔºà„Å∂„Åé„Äú„Çç„ÅÑÔºâ,gd37033xgyj5cln3542vyboek,1
B√°rbara Jung da Rosa,11171927492,1
c_bmartelli,c_bmartelli,1
Cami Borsoi,21c4musnneayrujtg7cuww2pi,1
Camilo Garc√≠a,oswalgarci,1
car09pt,car09pt,1
carbias,carbias,1
caricatura41,caricatura41,1
Carla Brunella,carlabrunella,1
Carla Campo,12171050375,1
Carla Lombardi,4bmu1leigk1qh4bh2mqiakqsf,1
Carlos Antonio Albornoz,12126896856,1
Carlos E. Bermudez Aguirre,drcarlosbermudez,1
Carlos.Calv√≠o,31ye2p7xdom474o7g7dptbshkwlq,1
Carlybyberg,rrfww7l2p9dzcciy2dw4kdrdy,1
Carmen Mart√≠nez Asensio,lacarmela,1
Carmen Vega,12186841980,1
Carolina Mazuera,mazuera15,1
Caroline Hengstermann,1122031593,1
Carron Silvey,cassie2013,1
CATE,tngalzmerfgychuh15thfbah9,1
Cecilia Valencia,12134956817,1
Cecilia Yarmuch,12176557130,1
Chaeyoniiii,vrz8w4viwwss9mj9omuhld28w,1
Chamali,k1cgdglxx0yjlgxipqigmgauq,1
charlotte,sickalfie371,1
Chiara D'Agostinoüï∏Ô∏è,chiarad.agostino,1
Chin Foong Ping,12181593560,1
Chloe Jane Berry,22hflkhirwsg2p4jrwmyzb4iy,1
Choume,y2p1xsyv3cv655jxczy1nst86,1
chris.villaflor,chris.villaflor,1
cilentogroup,cilentogroup,1
cin,1ney8xvs1qcqrkgh6wnapxhj0,1
Claire,111718612,1
Clara Paya,1128022689,1
Claudia,4zsyaqzivyovk0yst7n4tlba3,1
clioklio,paula.voegelin,1
conny,sdyugwv99bjvonyfy734o4571,1
Constanza Alejandra,12126232032,1
Cony Garc√≠a,12159065763,1
Corina,7t584x47n20flgbudbaqtfskj,1
cpepiol,cpepiol,1
Cristina Ayupe,1111644395,1
Cristina Hernandez,krismenorca,1
Cristina Swink,1220961988,1
ctiniec,fatini15,1
cukyppr,2usbhhy7zbkfalrhpg6p9u257,1
D P.music,12127088417,1
D S RATHORE,31o6cprxycxrizbaz4u4ckewtj3y,1
D Œõ V ! D,d.roman,1
D1V,31l6btgtx54sbfgt7qim4wwysqsa,1
Dair Tede,12134011915,1
Dani Montufar,lvhdrptmq43jktzuw48we06z7,1
Daniel Bonilla Quir√≥s,12139500300,1
Daniela Gomez Roy,danielagomezroy,1
danilo.escobar,danilo.escobar,1
David Medeiros,h6s0fjrk00megejfif927jyoe,1
David Ok,gexie,1
dawilsonent,dawilsonent,1
dc√©cile,dc%C3%A9cile,1
decilf,decilf,1
Deep,31nh5zv6aj7mpxvhsyimsdidozeu,1
DEEPANKAR,31zbmthiwbgwqklknroogmueeipm,1
Defne Bulut,11101069469,1
Denisse Damara,12124301674,1
Deserxio Caama√±o,deserxio,1
Devashish Bawa,hwjugpaybc1mvmmhq4ea214mc,1
DeyBT,31bqoolfh5eahh5qrygufcm2gs5e,1
di741045,di741045,1
Diakkaya,21ymmlu2cd72pwhq2if27a2fy,1
Diana,woy5jvdy7cdtmrcsff9ubgjml,1
Diana Tamayo de Rios,12128932223,1
Diane Pajarillo,1257193700,1
Diego Cruz,diegoalonso_cruz,1
Diego Saez,mwusp9npa0dvkj56sewvkwlt0,1
Dina,1114694128,1
Dionkaravelas,2jqi46ibvhc3b77la3eily8ld,1
Divya Sahni,divyasahni,1
Dmitriy Kosmov,1111053641,1
Don Herron,129510546,1
DoraSelendic,3g1w27kny19v642s7i94ecomi,1
Driouiche Imane,31r46d6hzb32ja6jcff6dz2ukz6i,1
dryflowersll,dryflowersll,1
Dunja,be54z6mbu0okhvkfncx5pc057,1
duygukkbayraktar,duygukkbayraktar,1
dwrita,6iepnuavw8o3ksuemi9bdauhm,1
DYA,31mddaigk6blswbh5tocuekhtrau,1
Dybzdd,6wr8gagiwxrb1j6k0jd99uxv0,1
dycinlortay,dycinlortay,1
Edda Shane Julia,12138793385,1
edoborga,edoborga,1
Edu Morales,12182783292,1
Eduardo Sp,12134879395,1
EduvigisRB,21xg3eygsc5og2blivahj6iza,1
Edward Chen,edward139927,1
edzoardo,nahkp9thdzebepy3rumm33nr1,1
Ehren williams,ehrenx,1
Elena Baquero,21rvhpsoiwrbqaydpd6qh4rqy,1
Elena Mata Rocaful,116397239,1
Elena Villatoro,elenavillatoro,1
elenafil,elenafil,1
Elisabet Camps,beth_mouk,1
Elisabete,kg06h2hztz972tn9588hzhrym,1
Elise Waara,31frtojlzfp3qrqgjwfrjsdfqzgi,1
Elisha,z8x45kim0wpmps0hxcj8axwie,1
Ellen Pereira,ellenp50,1
Elnu U,31tr76gupf73tueruv2csb3nzla4,1
elvin,31bwrfytljdt32zjsbx5l7g5wx5u,1
Elƒ´na Osmanova,21akwxzl4unywvt3i34ew5bhy,1
Emanuele Berteletti,1178377302,1
Emilia,21mt7i46gqtrkqpywfhzucgjq,1
Emilia Manzano Salinas,1177056621,1
Emilija,31ujmh6kzjxktzz5iqcoyo47uh2i,1
emloph,emloph,1
Emma,31ir4dicuye3ifqojwt2fbh6a6gi,1
emswells,emswells,1
Endriu,1182844735,1
ENGEL,424syj2h6jcy66qge77bzwuoe,1
Enio Roboredo Sanches,enio.sanches,1
eru,1285025015,1
ESCUELA TENAC,vicentea.tomas,1
Feri Rahmat Chandra Piliang,217jgyzw6fnnxqnhtsqygwl2a,1
Fernanda Espinoza,fernanda_eu,1
Filipa Castro Feijo,fcfeijo,1
Fin7k,31kguunpixoqqactvk2imkiq7d5a,1
Flavia,0apy150q3lvenfk5y3srcnhko,1
Florina Ungureanu,mrzk3oitbrij5cfj1q50gthce,1
Fl√°via Gomes Da Concei√ß√£o,flagc,1
fpellizza,fpellizza,1
Fran Moyano Daza,1288404878,1
Francisco,eln51cfpelhx0g6d210fp3vw0,1
Francisco M√©ndez P.,panxo.016,1
Francy,pneh6pwl1rqxo5ziwcwwzzmxx,1
G KUTSUMA,12156622503,1
Gabriel,11100491497,1
Gabriel Caraballo,caraballo522,1
gabriela_coneglian,gabriela_coneglian,1
Gabymurilloc,w9v3tiz31h01ott3f7b6gmvn2,1
Gagice,f85naqmpocn00muzk959ijugf,1
Gema L√≥pez,gllopez,1
gen13,tir09zu2yjprfh87r004cmilj,1
genevieve,qcgiamdfttzl4whg15yhpbx70,1
Giannis Katharios,11133732665,1
giovasconcellos,giovasconcellos,1
Giron Alicia,1196603368,1
giseleidiaquez,giseleidiaquez,1
glendyonline,glendyonline,1
Gloria Sanchez,11100966021,1
gloriacardenas,gloriacardenas,1
Gon√ßalo Roque,martinsgoncalo,1
Good8love,iampus635z0qbxntzbri2fu9g,1
goonghaeng,goonghaeng,1
Grace Pumarol,12140578299,1
gracearintya,gracearintya,1
Grazy78,faa1ld3gewngv7qkpykx6ve2b,1
Gre.vini,2mk8j7v9vipek3kwcixq9s48q,1
Grecia Tafolla,g.baebee,1
Greg Mosch,yhu9xty2iwk9hyhzshhv64n40,1
Gr√°inne,7o81pzw0qfetoa5umpxh2mtka,1
Gueretcookmahe,7svj4vz9w7tbs1q12zf6qvdvv,1
Guillermo,gepebu27,1
Guillermo Torres,1285640458,1
gurimolstre,gurimolstre,1
gurri,gurri,1
Gurty,t0ip2vt4eitwcov9zf4itgjc4,1
H,iwsdhp7bcjw5qsael46cv7cpn,1
Hakkoumsaida,k2i7rmar9032kbr3ij1hipdnc,1
hamood habibi,31vuxz4d76u7yfh7wvhgclczs7c4,1
Hamza Birgin,21qprgd6zvkq5gt2f4opm4fqq,1
Hana,5hr527ge8j9nc3pf4ivnur4xg,1
hanaallot,hanaallot,1
Hanna Walde,14e3sjrmyezztikhmfx28fw1e,1
Harpreetkaur,31mqaohdwg66pt5yvgilr46g5unu,1
Haus Of Halcyon,312yl4iejlzbjheajy4s4tx4cjku,1
Hayton,12145715339,1
HaZr Afisz,21aqspgdtmwhevjb6rgj7vyxq,1
Hectordb,hectordubbar,1
hectornajjar,hectornajjar,1
Heloise,31rweeudohyzhjnnzxlthk5epmpm,1
Henry Van de Kamp,117411519,1
HipHaags,86ycbdfa17uwb73qhcbgdpctv,1
Hiren 09,9dwtng70sbc0beffkkm6hha9j,1
hmoellera,12124432116,1
Hoang Manh,p9jnu4rsr3rxjxz4b87d6dw9a,1
"Hope, I",31ejfxqez74ggz7pqx33ext4squ4,1
hormigolopezm,hormigolopezm,1
Hsin-Yu Chen,11133165429,1
Ignacio Gomez,11122477356,1
Igor Celso,12149522379,1
Iliana Nava Navarro,12167725385,1
ƒ∞lkben Erbay,11178761466,1
Ilyüíñ,h0qgy5idrbbshxztnf3nrleku,1
Iman ershadi,ik5tozrr4lhk3fj5bmses7iak,1
IMAR,1189477959,1
Indo Spotify,31yecr2eimaeuuu2pjcypcmoahva,1
Ingrid,31lpzehc5vry4yn2nue7zpn76noq,1
Inu,414jwn3qmhsn3vqi23ood4yxl,1
In√™s,31o5aesyjgm2dp6ydovdb7nb6bki,1
Ira Sadki,aljaraco,1
Irving L√≥pez-Nava,1279449123,1
Isabeau Van Sichem,isabeauvansichem,1
IsaMalm,bvnb4qwcsb5uddgkzlstqpf8a,1
ishaalva18,ishaalva18,1
ismolina63,ismolina63,1
Istiaque Ahamed,sakib009,1
itssjustmafergt,zmu8fh4tr9iu7ak0bx50rrwoz,1
Itziar,tvrh3zrbrob31m77l3j1fuomq,1
itzzzz.lilli,3144xiq4x2nzvn5sjzh3fpr7px7m,1
Iuliabeleiu,ivtaveb26wa3aatpsjui6bmku,1
Ivan Ca√±ibano Moro,1130533427,1
izaherrera22,izaherrera22,1
Izzy,s6b9anx26h45hv6931nyyw8ic,1
I√±aki Chasco Ord√≥√±ez,i%C3%B1akimikel,1
j alejo,justoescalona,1
J.cobi22,31zoadgebf4mniyhkywzrkqivoci,1
Jaime Zarnott,22uw6rtki7hhofjwa4myyf3eq,1
Jan Wong,zai42giteufwoq81t161pgd8u,1
Janaelmadany,31vpxkka26but2vybcps2lsot7v4,1
jaspersfriend,jaspersfriend,1
javier zeledon,s9gi329gg71nam1pfmsh1uu01,1
Javy Ruiz,11124608048,1
JaydenT,316mexnpzqpvy23adt4quroljbom,1
jbgutierrez,jbgutierrez,1
Jeii,31kqqvxkcpoe5tfnl2ich4mwjuz4,1
Jenisjammin,31icxqp2vzvpg2n3axvmjtovyhpu,1
Jessica Leycegui,1276666231,1
jessriri,31p6jxs2365bjgv5ecrdqis2lerm,1
jessycanugroho,jessycanugroho,1
jesuscarrasquillalara,jesuscarrasquillalara,1
jh,huby6313,1
jimwood,jimwood,1
Jo,11134850003,1
joanne.smallhorn,joanne.smallhorn,1
Johanna,7gu264113f3obr34iwgl49zyz,1
John Esteban Espitia,1163554974,1
John Ventouris,11121023506,1
JoJo Hub,314s2obkfwxe7ysnslubqgn4wbz4,1
Jonathan Callan,ustg6nhu6a0idvdjhvx3tfuwp,1
jordana.abdulgani,jordana.abdulgani,1
Jorge Galvan,1297970360,1
Jorge Juan Counduros,213ttnsh4lavdpzd3tr5ay65i,1
Jorge Manoel Orcine,jorgeorcine,1
Jos,tolay,1
Josue Villar,vkl7qwunxv9rpazayl293p7fm,1
Jos√© Dinis G,o4m3z8a5rlg3u1plsi25yu9t8,1
Jos√© Nito Figueiredo,11128438829,1
Jovanaaaa,3r3xp2djqud6tr5af45cvximj,1
Jovanny Ramirez,1279117629,1
joymadeline,wrja4vt25lax5odej5q0f1xgr,1
Jo√£o Cerdeira,1182232760,1
Jo√£o Reis Almeida,11137851907,1
Juh Diiaz,31ppfknmritmip7xj7clubwwkm4m,1
julio7jc,julio7jc,1
Jungle Vibes,1245825363,1
JunTakoüêô,stuffoooooo,1
Kadimo,chs46zu5itfaxqbhn3wkyfvot,1
Kai Taniguchi,21t5vqausb3h3s25drpdgtezy,1
Kamafol,1141497193,1
Kamal Changachi,31xz3h2h2dxpmgzewgqb7xfmg26q,1
Kami.barsukova,316wbx4renqsdqbgrhracgwoseiu,1
Karima  Mourabit,22rkwic3vab4z4fazkdayw5aa,1
Karo Lina,11170089041,1
Kar√† Faal Darboe,31bi26ayc6zld5sjsl23yrcxiw5e,1
Kasia Szulczewska,11101904754,1
kasumi69tatsuro,kasumi69tatsuro,1
Kat Albuquerque ‚ú®,qzkdkcjf9v356no2hjlr4p3zn,1
katerinataylor,katerinataylor,1
kathiwien,kathiwien,1
ke__viin,ke__viin,1
keerkal,keerkal,1
kei,kei0045,1
Keriteshaz,31g6xa7ac6kerik2vc4ewivzrsay,1
Kevin CC,12181135576,1
Kiana Zakar,1264443149,1
Kim Cao,12148248322,1
Kinga Sz,21a7xaodcwo6i3it64qksotsq,1
Kirsten D,12161691470,1
Kiyomi,o4jlldtdxfg7k4gsocjdyytne,1
kopacheva,kopacheva,1
Kristin Queathem Forrest,1232303511,1
Kristina,7zogp4cm56sqq6fbvri3hnhm5,1
Kristine Eu,1234823383,1
Ksenya,31w3ckixld5d37zkjobvwko2c35e,1
ktokot,ktokot,1
Kuttuna,kuttuna,1
La Guia,1180040039,1
Lady SMB,simoneberney,1
Lai,martinslaila,1
Lana Aim√©e,1249897249,1
Lari,31wdoc7zfpp4dhlfxsqem2pw3x6q,1
larissakHH,larissakrex,1
lasirenadetrapo,12123148242,1
laydesoul,laydesoul,1
lcashmirek,z774jcg62v11xnexs5wb8bsgz,1
Leenz,leenasurri,1
Lenka Lenka,21jt2iksnnuell74u5fllkxiq,1
leogel,strambay,1
Lian Bajaklaut,21plsxt5mr5qwmo7erc4ps7vq,1
Lidia Martinez,31bdjewmcz2yw7qwh7nij47pumey,1
Lilly Betz,rxgdzzeu57x44xpeteieog1kv,1
Linh chloe,3cjpco2vcrw3i2lzxd62d75iz,1
Liv,eh59i4eccmh4o5bfd5yrt8exq,1
Liz Lara,12152769414,1
Lizbeth Haro,1288357333,1
llbreeden,llbreeden,1
Lokeshwarkutty,31xcfajqxswhhbaz5ldvyjdrmn5e,1
Lola del rey,h0aom0jn5209gkbpje1eae16y,1
loreenms,loreenms,1
Lorena,teaaz8r3v1bui9dalkw9s8u1f,1
Lorena Mauri,lolimauri,1
Lori C,31rjgtxmmnrqn43qjrwgu22wgagy,1
Lu Apolonija,1114343891,1
Lua  Luita,1132073914,1
Luana Fernandes,22z4xc6unmc5o3e4edrtkxfoa,1
Lucas Marques,ar0flt4jd8c4ukuay7m8p863q,1
Lucas Moreira,h6cqi17oqhnd4cy6mvwae22mr,1
Lucia Villarino,lucia_villarino,1
lucia.1972,lucia.1972,1
Luciana,r1ksdlgyhuyqjdrw512fk836g,1
Luciana Scaraffuni,12132426535,1
Lucy,lucyosullivanxox,1
lucyalvapark,lucyalvapark,1
Ludmila Barinova,11140933761,1
Luis Angel Betancur Yag√ºe,11186996347,1
Luis PG,31csnbsqlmee3htqgrcx2il6wyh4,1
luis292003,luis292003,1
Luisa.mora,31nq6v4vkum3thw5pvxsrumjq37i,1
luna_biubiu,bln3vlrqxwj48t51l8isy7rah,1
lunacereza85,lunacereza85,1
Lu√≠s Bandinha,11131901524,1
Lydiaüíï,oamgr22410gmlzy7ukxn0g9pg,1
L√≠a Glez,lia.gonzalezv,1
Lƒója,31ux7l2fd2nyetlybu4hy2up46ia,1
m_ibarrap,m_ibarrap,1
Mackenzie,hzpfbydv6s3zyyjkl7zla5cux,1
MagdaLena Lichtarska,1185109444,1
Maggie Paton,1127029489,1
mah√©e üåû,3nwl4rj933v7gfse9u7orr9rg,1
maita_ta,vmy313twcqlx3js1dj8vof0tj,1
maizpuro,maizpuro,1
Majed.nbd,317ir25glak3o3jzou7ejksbykzm,1
Mamata Pradhan,3167twq6ex2k2wn7dxocpqedyooy,1
Mandy Palmer,8nb7u0ytkcrv9ujy3ec2w3xfc,1
Mania Aidemouni,31thu33yfgbcufkguit5lxpl7tiq,1
Manish Dhiman,22ztwfftoaiocym55yr4nbzea,1
Manuel Ortega Garc√≠a,manumalismo,1
manuelng04,manuelng04,1
Mar,7ici7f6ia3mlb9on96xzliqrq,1
Mar Pujolras,marpujolras,1
Marco Bos,21qtlpzujd7ysw2tlaltks4nq,1
Marcos Puppi Rachinski,12142260856,1
MAREA.Ambientaciones,b3s0dw9qn69xsl5c2r7yvauc0,1
Maria Loreto Paz Niebla,31bqtgtsans27nuf2fksd26wuf2a,1
Maria Salmeri,maria79sal,1
mariafer15002,mariafer15002,1
Mariajes√∫s Manr√≠quez,12134374100,1
Marie Schultz,116802752,1
Lu√≠s Gomes,luis90,1
Marilojavi,21bc3ogx7ivbcfmcbbqx6ur4i,1
Mario,lotfienmario,1
Maris Holopainen,22kkq7dpjsqffx3oqfs5pdsva,1
Marissa,jr76vi6s9ec5s4dyqw5xcvlh0,1
Marli,31pz6zhg6l7dhbpcsjayljdg5idi,1
marlon,3n8v5t3isv7jkajv36cawx3pj,1
es,es,1
Marta,31kptxwjifhqj323nca4fdceprni,1
Martamgl,mglop,1
Martha Caballero,marthacaballero,1
martha_isabele,martha_isabele,1
martinczy,martinczy,1
Marty,31g3qs2m3fbo5y75qt3ki2x7cbhi,1
Martyna Uruska,leesica,1
Mary,ubag0mhe1scvpogeca74yacr7,1
maryelisequoyeser13,maryelisequoyeser13,1
Masi üçí,314vwz3soxih3wdv43oympejsvhu,1
Mateo Rivera Osorio,12140272277,1
Mauricio Korber M,1276537127,1
MaxiMusic,31v5a6jo4vwbkauyilt4kfdwin7a,1
MAYEL,31bs52n6xim4ju226wpro6nkplvi,1
mbrews,mbrews,1
Mehmet Re≈üat UTKU,si7v4bmwyi2rwnpjnwt3fq2pt,1
Mel Isa,1121230570,1
G√∂ran Beischer,gb,1
Melis Kural,meliskurall,1
Melisa Ruiz,melisaruizca,1
Meqren,rgcr4sppst1phg0ywjgzmefda,1
Mery TBric,mariatena88,1
meyraay,meyraay,1
MH,31vz7y2cyl6w5zahrqxe7qbcy4zi,1
Michael Liquori,mliq,1
Michael von R,1132068682,1
michaelf1106,michaelf1106,1
michelledif,michelledif,1
Miguel Angel Sevilla Silva,midnightmuir,1
Miguel Sanchez,1130213802,1
Mihaela,ojmwxfwugf1dgm603xjio86i8,1
miimi_4,miimi_4,1
Milagros Alay,12124185313,1
Milaya,31p7udhqzgmz3zuw5nd2qa5jx5rq,1
milliondinarbaby,50lnl9c453dthzffnpnr5t2ab,1
MimitheArchi,21ofs25itdd6kq5ewet4bi6my,1
minah750,minah750,1
mira,317q3wdfreyq72zh3vt7lqfux5he,1
miriamrebecca,miriamrebecca,1
misspood,misspood,1
mmszymanscy,mmszymanscy,1
Mohamed Taymoor,mtaymoor,1
MOHIT KUMAR,31cxpc37ukdhztdjiwywkiwrxlna,1
Mois√©s Jurado,21tjecv6m7ennmvsgrwsso45i,1
Moko,31qgxdcebejwbbrve3bryzztzqp4,1
molliemcgreevy,molliemcgreevy,1
Momoka Kirihata,momoka.malaysia,1
Mondrag√≥n Abraham,1276552414,1
Moni,315gensfulheszx36j2w4nflcujq,1
Monica Pavezi,12152080592,1
Monishalistens,uttxpd7t6k0cx0v6n5fan6np1,1
Montse Nicolau,cranquet,1
Montserrat Arjona,1118210275,1
Moonjava,dhbq2pk2tb4zh95toe0pbrhja,1
Morgana,31moyvzr6433py3toektl36byaxi,1
Mos Lin,21sruu4zwxrx6e6krtcyi6vba,1
MR. JAKSUU,31eapd3ltxbt5tunedzgptfkz7ju,1
Mrn Gtv,1149138183,1
Mroodenburg,hfoqxvq4z21qofhf9b0e0e8b3,1
MTOCAS,1166744545,1
mtrikis,mtrikis,1
Muhammet,31nvbvb2ny4qacu4gtcwp7cvdwmi,1
Murielle DANSOU,3134foysnlib3jwyzl4lzxrhujf4,1
MW!,bigbossmaddy,1
My,cc4pvi53ctc68k7ojbetkr7t4,1
MyleSPeaking,31nnketitqacnx465pvgltny4eqe,1
Nabil.chw,ofhya87kwi82ihcmpvw7clpi4,1
Nadia Borges Charepe,1172023548,1
Nadine,szl6hiqzz18jzh6nkpr1mq7pb,1
Nafeez Mohammed MS,nafeeeeee,1
es,es,1
Nancy,31ifbch3hxfnmdc4oz4rbmas5xo4,1
Nancy Ghobary Habech,21mgpkjb4tueznoc6fjg7bqui,1
Nani :),dayaaxd,1
naranj84,naranj84,1
nat,o9ltb6egw07y9ex0tarwtmue4,1
Natalia Przespolewska,1172407803,1
Natalie Fisher-Brown,mrsfirth,1
Natalielee,j4wwgfhehv7ttkr6nyuug5r9w,1
Natasha,312kni5z7e7ondnndatqiepiskrq,1
natygv89,natygv89,1
nedashook2,nedashook2,1
Neha Kumar,wlkdmzyvh3fxzyc0f75soiyi6,1
Neha Lakhyan,31kzkdewr6daz2p747n2vcxthdcq,1
Nellyy,31vmcqorctexannc5wssu3hfmcbe,1
Neus Drac,los2pichones,1
Nguyenthilesoa,isb9w9zww6obgwu0p7y66yjph,1
Nimesh,f9wofkllv2m32u71ivty9pjob,1
Nittapee,1fy5lfwjiahvzfd1dgby5g56r,1
Nolan ‚≠êÔ∏è‚≠êÔ∏è‚≠êÔ∏è‚≠êÔ∏è‚≠êÔ∏è,nepnjwt95yp8f0n5p6wt9709j,1
Noor Almulhim,31bmu5nx7owtrytss462f4dm6yva,1
Norahartveit,pa8x2ta344i6kg861m9u23g17,1
Northdent,31stwlbcsqkarpj6h2bb5emab2uq,1
nrestre4,nrestre4,1
nuge1888,nuge1888,1
nvrbkn,nvrbkn,1
Olga Collazo Lago,1124936193,1
Oliver,q0gqa0bre8zdzwg3r9qg7ltac,1
ollieanddolly,ollieanddolly,1
omnivorous,gkzyelfwk11laloyi0t6yh9th,1
Opheliegranelli,iy7o8vdurc11x5vmlpicobq7p,1
Oriana,iln0mykd3naxjyvtr6tzimnpp,1
Ortal Sabach Amos,216zm3j6nodzh3n7bjx2mbw5q,1
orulina,orulina,1
ozden.arslan87,ozden.arslan87,1
pabizza,pabizza,1
Pablo Aguilar Jim√©nez,12142828278,1
Pak,21af6gny76jbrugo2cpfelqlq,1
Palegreen,4s2eb6o38zq2ujnnrrhhbhfwv,1
1,1,1
Panda,31yczpjwvdivrtphucsjlfmnnirm,1
Paola Ortiz,1299851195,1
Passionate Yogi,1254924823,1
Patricia Fernandes,patricia.prlf,1
Patricia Garcia Quintero,1126532461,1
Patricia V√°squez Montenegro,12140119613,1
patriciamirandalameiro,patriciamirandalameiro,1
Paul & Lori,paul_en_lori,1
Paul Trevor,mtrevor1120,1
Paula_GP_1,31azmprbumdbfvg3oigmxzij4hja,1
Pawan üíô,vhtcstyxd3efqzgcw1f6g0700,1
pboomerang,317ickl2giejwl5xdqqma3bvzluy,1
pecota27,pecota27,1
Pedro Vidigal,1185220606,1
pedrohrbrito,31hgkq4gv3w5gudruuc7vfijtuhi,1
peki,pekiii_,1
PERFUMARE COSM√âTICOS,xww2beozr2vllr2kdwyxmy79w,1
Petqklinkova,l70eszzq6ruujunreiolyckr2,1
Petra Berndt,21essrpsobbzijkex5dnoswky,1
philoz_mhici,philoz_mhici,1
Pia Cabannes,11142261129,1
piano,jw19qwh531orzuub5gq8d6j30,1
pickles1172,pickles1172,1
pieniusia,11129001763,1
pinzadaz,pinzadaz,1
pips,pipa.clarke,1
PMU,patriciamasseur,1
poppygirl182,poppygirl182,1
Pui,31lqqo7sqmvbppe4kdohz3n5bdjy,1
putascomillas,carlucmar1,1
qqw93vq9,qqw93vq9,1
Rachelle Bailey,heyitsrachelle,1
Random.fr,fernandomorenopena,1
Raphael Franco Peixoto,31nqrxqzsynn6hervcsd6zqm5fam,1
redfernlucy,redfernlucy,1
Reeva,31wz7gbkt2nt6zwvtg5bzz6pz6bq,1
refikcihnioglu,refikcihnioglu,1
Reilly.kristi,kdbmydauwanulbp9pgp1hugms,1
Rena,rqghyc1xs2awe4i4hifoyq4hy,1
Renee Conrad,1210451942,1
Resta.pe,12128570368,1
Ricardo Trejo,22uqvaxmyn2ka4yown5lu35ly,1
ricardosanchezmata,ricardosanchezmata,1
Richard Pauliac,1132881420,1
Richie,22m4ifrhpmftzebhthxzfwcba,1
Ricky van den Ende,1256805707,1
RIE,21xk34env6du6c5kaoxxcl4my,1
Rimpoo,694zmiwf4vv2dewu1pgo4ec9r,1
Rita Fara Pavone,1198034581,1
robertoruano2016,robertoruano2016,1
rociooooaaaa,rociooooaaaa,1
Rodrigo Sousa Ferreira,223jymjkxobe3vcvwpesx4tva,1
Rommel,l83io9wp623ck6rkp63bflkz1,1
romunoz,romunoz,1
ronnshani,ronnshani,1
Rosa Segovia Martin,1114575346,1
Rose,p8rb3lzt5wl97rhte00019gjt,1
Roxana Rebedeu,1155371728,1
Rubia Ribas,22n3hwybqf2ehs2nzobsn2tla,1
Ryan,rpkovo,1
S.cactus,31qxh7ssvwsra5pktqvmbk24myny,1
us,us,1
safikhaled,5xj4zgmxi5104a4wx5vw3qwyq,1
sahinselen1,sahinselen1,1
Samantha Tobias,12852291,1
Sambor Raf,1163730022,1
samlong,samfreeth,1
sanboucher2014,sanboucher2014,1
Sanchit Uppal,aki_koolstreak,1
SanderSN91,112835180,1
Sandra Bravo Zona Diet,11150495267,1
Sandra Reis Santos,11136393757,1
sandrarohleder,sandrarohleder,1
SANEM G√úZEL,3165jmmuatpor4vgrlfi6bqsapcy,1
sankeerth.ankam,sankeerth.ankam,1
Sant!ago,31tgiswqjqto6m352ul4cxx3jcvy,1
Santo,hdttpss4bti93e774fpef4wt1,1
Sara Amor,1113640229,1
Sara Panozzo,1261443130,1
Sara Rashel,22io6zsxnwuadxt5fpfnzxbxa,1
saveWilson,harrissmith84615,1
schrammster,schrammster,1
scorpionss,scorpionss,1
sebastiancas,12147276425,1
semprebabette,semprebabette,1
tr,tr,1
Shane Kernaghan,1156009455,1
shannonpeterson3,shannonpeterson3,1
Shirley Turnbull,214b6pj3pklmzm5knbqgyyziy,1
shmaann,6u2t5mwgz9vez3lzufei70lke,1
shridhawr,31yljuowz5okpnliyudrjchs5k7u,1
Silvia Melis,silviamelis,1
Silvia Vilares,silvis84,1
simo,o4qumgam7gltw9a5v7j0rhfok,1
Simone Griguoli,21fevld7clkple35o7a6icc5i,1
Simonettagiannini,dpgo83m40sr4xhx4zseh9554h,1
siobhanwen,siobhanwen,1
Sofi,1293908821,1
Sofia.starchak,31s73ujxhvx533qunr3y2y3hn4nu,1
Soledad,2imayk7vd8w1sp9tyb5zmm24r,1
Sonia Bhagwani Peswani,sonia.bhagwanip,1
Sonyarka,lc9apojdw1i075loomp9gn8s6,1
Sophie,11181158978,1
Sophie Rasieleski,314qomuhub6h5ponudgxfldmckg4,1
Soraya Escudero,1soraya_yoop9,1
soundsosu,315f45mlwcswprd6tx4345llvtsm,1
Sousalucilia,5l08ge3pfuwkq8niq1drd7pmg,1
Soy√°n Kim,11136134949,1
SP.mp3,5kkr0vn3f3ghfi2kol2xsosj2,1
Srta. Andre,andredco,1
StaciAIT,j1wam2db20meiv8oholxeedx7,1
Stavros.totos,31uxttmtiem3pms72lwk5aml3rmi,1
Stelios Lekkas,1225804638,1
Steven Gonzalez,31rwjmnzmwojnz22g665x6mdxguu,1
Steven Labawan,12136423385,1
Su Hdez,12124254270,1
Su Hdez free,31el6wzkm47sp4i3rpeakykmdgcm,1
Sugarstore,fyzla8lfchh6bkp750t5dbu2l,1
Sunny Punjani,12175664492,1
surenza,surenza,1
Sushma Kumari,31s52fxtjv32a2oek54jmznpztfy,1
szymi_life,_imsimonr_,1
Tadeo Otoya,x57yk07st8xwx5og27qpk77x5,1
Taka Hashi,212soyp5geqzextber5mupiwy,1
Takatsugu Kobayashi,takatsuguk,1
Takumar,awob1j4wf92vie6ysk4yqf06d,1
Tamar Golan,312n4tcxq37mdce5qps2uvoxkagm,1
Tanapat Subnimit,tanapat31334,1
tanch21,0fk7w6prhd9a2lfhweug64gf2,1
Tatiana Lch,117161694,1
Tatsu,z3zpyteamr5yrek281tb6wslt,1
taw,21rhvrgoaqsfwlins7xi5b7my,1
Taylor Paige,31upmk7dagwgzuurnpx5gglem6kq,1
Teresa Abreu Lima,31ncatd64lhaal2cg74uvxl7w2ga,1
The Circoolar Project*,3165iahd4ylej6nj32q5aguynr2a,1
theventana,theventana,1
Thiago Piva,thi.piva,1
Thom___,17wrmzhkp3a3qfq89s5lslhpv,1
Tiara,1131940219,1
Tim Harold,haroldtim,1
timimathew,timimathew,1
tommymacd321,tommymacd321,1
Tomoya  Uetsuji,31w2jhbkpf47epo7xztv5xgvqr6a,1
Tonia Galani,11101288717,1
top_ical,top_ical,1
To√±i Blanco,tonitablanco,1
Tran Thai Nguyen,21mnffxfjj74kpddzwktgekby,1
Tsung-I Chou,iii823,1
tuguis68,tuguis68,1
Ula Montes de Oca,ursumm,1
Uma Pinninti-Cassagnol,22a6cp2yj4ergana5qqemuegi,1
unlukalayci,unlukalayci,1
Uno,9ru32etw1wqs587bkovvy0snx,1
ur wife,kx97piyaoh16datmbpmv8np9y,1
Ux√≠a Romero,uxiaromero,1
Vahidreza,tk6cgnd0fs0gzf8qwnh350y6i,1
vaibhavtrehan10,env9mnenm3m14keisu2vexxsy,1
Val,valcal89,1
val.benoit,val.benoit,1
valdaj,valdaj,1
Valedg,efgbgdhurov58m6elocqguq06,1
Valentine,7tw20afce9o9xjg8pqsog78sd,1
averina,averina,1
vanesa_nsd,vanesa_nsd,1
Vanita Str,11155103717,1
237,237,1
Vasilisa Moruga,1272686690,1
velvetleakarp,velvetleakarp,1
Venanzio.ilenia,ka8mjkqfudzzyn36fd3qcyjmf,1
Veronika Ba≈•kov√°,11152691885,1
Veronika ƒåern√°,11167257707,1
Veve Massano,1172225976,1
victorgonzalez19,victorgonzalez19,1
Victoria,3155g5sjywbjw775cdnzbrq5u3vi,1
Victoria Avedissian,11127137981,1
victoriaantonella03,victoriaantonella03,1
Victoriaxv <ùüëùüë,31ikwrwbmjc2aweddattr6ozbkdq,1
vilaverdefernando,vilaverdefernando,1
Vivi Vdb,12100792215,1
Volodymyr,ot1957k7pigos6e2ozc75suuy,1
vs38sxxh9y0i6i90qiezkpc4i,vs38sxxh9y0i6i90qiezkpc4i,1
W,31risrksq2qv6bayx2o25ij4zyne,1
w9898989,w9898989,1
Wa Brito de Jesus,wwanessabrito,1
Wafa,kfrmdvlgocaashae6b73qf54k,1
Wardah,lohlolo,1
us,us,1
whoisferr,whoisferr,1
Will Brent,121895613,1
xiscodiaz,xiscodiaz,1
XXXXXX,zhangyuwangzi,1
yaanislive,31oycjeqqpfnitszl7cgszyrjlge,1
yasemin0177,yasemin0177,1
Yasmim Pamplona,22agpxc4vpxfccqzfmqlfkobq,1
Yasmin Schrueder,312tng6bq4vq7e2nwb3nhjhqyqoy,1
yewon,vouwl6g4313fop4d5k4e5gdy5,1
Yeyealej,blx76eq28zaltvvdjyal03c84,1
Yoga by Romina,31azutvquxfhwtgg7klo3oaca2li,1
yolingueras,yolingueras,1
YOU,oxdqcghaarxsy3qwrg8sz9d8i,1
YTSOMB,kd5r1xc0j7094o01zzmjinkrj,1
yuki,31xovivz3yy22h56s2fpplz5rfvm,1
Yumiko Nakajima,22k4qmogyr2ewltvgbxnr3lla,1
yumikosan1,yumikosan1,1
Yuttapon Supmamoon,p.thepug,1
zurda√±urda,zurda%C3%B1urda,1
Zus,am0v0nozioai70kyprsmegqs4,1
 öEmily…û¬°!,31qdqinjbvgl642au46aiss36c5e,1
–ñ—É–ª–¥—ã–∑,a6pwphal9sjwoh6lf3w33p4d7,1
–ò–Ω–Ω–∞,314euz5zhbngmnyg35d3cicggnlm,1
–ö–∞—Ä—Å—ç–ª—å,31nwgyrhflx3bh2gxvexd6grrpla,1
‚Ä¢ N A T A L I A ‚Ä¢,natalia_bdn31,1
‚òÜNafia Indra‚òÜ,r2bo0ybcey3ow2yxq7xip53le,1
‚ô°Ô∏é‚ö°Ô∏èŒ£LLŒ£Œ†‚ö°Ô∏è‚ô°Ô∏é,31sv6qtektmafxdfdoay335jzq3a,1
„ÅÇ„ÇÑ,0niy0s9cglgsb2lisgvwutwbd,1
„Åã,315ifudcxfit5wwbbpcp26er43um,1
„Å∂„Çã„Å£„Åè„Çä„Çì,jmq1jszye29nq4g6q1ewu3o9o,1
„Å∑„Å´,313s7qki3afktlu3vhoywvy6gnn4,1
„Åæ„Å´„Çá,8fezp53bmapfklmyt4g1fivdi,1
„ÇÜ„ÅÜ„Åº„Çì,31sadzbnw53fay64ebvrmc3ripyq,1
„Ç¶„É≥„Éê„ÉúÊóè„ÅÆÈÄÜË•≤,4up3ewoovvw940t2ptyitqeco,1
‰ΩôÊôâÈäò,11174226733,1
ÂÖ´Âπ°Ë£ï‰∏Ä,215zuu6hojulm4sirasydiwii,1
Ê•äÂÅ≤Âòâ,21ok2ozq3cdjuf76svfojjcby,1
ÁÖâ,31qstsd5zp4hrer7v45i26afgy7y,1
Ë¶ãÁøí„ÅÑÊúüÈñì,zqbyyrl9sn83ske8rkmvwp44l,1
Èô≥ÂìÅË°°,21p5stn6ndpq2aqh7gbfo243a,1
ùëÜùëñùëöùëúùëõ ü¶ï,z2wtjc43gby7cajfz8i0c6bhj,1
ùìµùì≤ùìµùì™,31cjqeiuskhuz4nwbbthbw3vaz7q,1
ùô∞ùôªùô¥ùôπùô∞ùôΩùô≥ùöÅùô∞ ùöÅùöÑùô∏ùöâ,alita.herrera,1
üç´üíü Violet Crumble,samwelltuck,1
üïäÔ∏è,ftoomdmdu9w3649hbs0yzwsmc,1
